playerName,team,rating,region,playerStatistics,agent,playerCategory
Cryocells,100T,1.14,Americas,"{'average_combat_score': '230.1', 'kill_deaths': '1.20', 'kill_assists_survived_traded': '73%', 'average_damage_per_round': '148.3', 'kills_per_round': '0.83', 'assists_per_round': '0.23', 'first_kills_per_round': '0.14', 'first_deaths_per_round': '0.10', 'headshot_percentage': '24%', 'clutch_success_percentage': '19%'}","['brimstone', 'astra', 'jett']",vct-international
zekken,SEN,1.13,Americas,"{'average_combat_score': '255.3', 'kill_deaths': '1.19', 'kill_assists_survived_traded': '72%', 'average_damage_per_round': '163.9', 'kills_per_round': '0.88', 'assists_per_round': '0.22', 'first_kills_per_round': '0.22', 'first_deaths_per_round': '0.18', 'headshot_percentage': '24%', 'clutch_success_percentage': '17%'}","['raze', 'jett', 'neon']",vct-international
s0m,NRG,1.12,Americas,"{'average_combat_score': '224.7', 'kill_deaths': '1.13', 'kill_assists_survived_traded': '78%', 'average_damage_per_round': '143.6', 'kills_per_round': '0.77', 'assists_per_round': '0.45', 'first_kills_per_round': '0.09', 'first_deaths_per_round': '0.07', 'headshot_percentage': '27%', 'clutch_success_percentage': '19%'}","['clove', 'omen', 'brimstone']",vct-international
eeiu,100T,1.11,Americas,"{'average_combat_score': '189.4', 'kill_deaths': '1.10', 'kill_assists_survived_traded': '76%', 'average_damage_per_round': '128.6', 'kills_per_round': '0.68', 'assists_per_round': '0.31', 'first_kills_per_round': '0.05', 'first_deaths_per_round': '0.04', 'headshot_percentage': '30%', 'clutch_success_percentage': '11%'}","['fade', 'sova']",vct-international
TenZ,SEN,1.10,Americas,"{'average_combat_score': '212.2', 'kill_deaths': '1.09', 'kill_assists_survived_traded': '76%', 'average_damage_per_round': '136.4', 'kills_per_round': '0.74', 'assists_per_round': '0.46', 'first_kills_per_round': '0.10', 'first_deaths_per_round': '0.09', 'headshot_percentage': '27%', 'clutch_success_percentage': '13%'}","['omen', 'gekko', 'kayo']",vct-international
bang,SEN,1.07,Americas,"{'average_combat_score': '203.4', 'kill_deaths': '1.09', 'kill_assists_survived_traded': '75%', 'average_damage_per_round': '129.7', 'kills_per_round': '0.71', 'assists_per_round': '0.31', 'first_kills_per_round': '0.10', 'first_deaths_per_round': '0.09', 'headshot_percentage': '32%', 'clutch_success_percentage': '13%'}","['viper', 'omen']",vct-international
Derrek,EG,1.05,Americas,"{'average_combat_score': '193.9', 'kill_deaths': '1.02', 'kill_assists_survived_traded': '71%', 'average_damage_per_round': '130.0', 'kills_per_round': '0.70', 'assists_per_round': '0.28', 'first_kills_per_round': '0.07', 'first_deaths_per_round': '0.04', 'headshot_percentage': '35%', 'clutch_success_percentage': '14%'}","['fade', 'gekko', 'sova']",vct-international
OXY,C9,1.05,Americas,"{'average_combat_score': '249.8', 'kill_deaths': '1.07', 'kill_assists_survived_traded': '70%', 'average_damage_per_round': '162.3', 'kills_per_round': '0.87', 'assists_per_round': '0.19', 'first_kills_per_round': '0.22', 'first_deaths_per_round': '0.18', 'headshot_percentage': '29%', 'clutch_success_percentage': '15%'}","['yoru', 'raze', 'jett']",vct-international
leaf,G2,1.05,Americas,"{'average_combat_score': '217.6', 'kill_deaths': '1.06', 'kill_assists_survived_traded': '70%', 'average_damage_per_round': '146.2', 'kills_per_round': '0.76', 'assists_per_round': '0.22', 'first_kills_per_round': '0.12', 'first_deaths_per_round': '0.12', 'headshot_percentage': '23%', 'clutch_success_percentage': '18%'}","['jett', 'raze', 'yoru']",vct-international
valyn,G2,1.04,Americas,"{'average_combat_score': '194.6', 'kill_deaths': '1.01', 'kill_assists_survived_traded': '76%', 'average_damage_per_round': '123.5', 'kills_per_round': '0.70', 'assists_per_round': '0.35', 'first_kills_per_round': '0.09', 'first_deaths_per_round': '0.08', 'headshot_percentage': '24%', 'clutch_success_percentage': '19%'}","['brimstone', 'omen', 'harbor']",vct-international
johnqt,SEN,1.04,Americas,"{'average_combat_score': '182.0', 'kill_deaths': '1.08', 'kill_assists_survived_traded': '76%', 'average_damage_per_round': '120.4', 'kills_per_round': '0.65', 'assists_per_round': '0.27', 'first_kills_per_round': '0.07', 'first_deaths_per_round': '0.06', 'headshot_percentage': '26%', 'clutch_success_percentage': '18%'}","['viper', 'cypher', 'killjoy']",vct-international
neT,M80,1.04,Americas,"{'average_combat_score': '206.4', 'kill_deaths': '1.05', 'kill_assists_survived_traded': '69%', 'average_damage_per_round': '135.7', 'kills_per_round': '0.72', 'assists_per_round': '0.19', 'first_kills_per_round': '0.08', 'first_deaths_per_round': '0.06', 'headshot_percentage': '39%', 'clutch_success_percentage': '6%'}","['killjoy', 'cypher']",vct-international
Ethan,NRG,1.03,Americas,"{'average_combat_score': '206.1', 'kill_deaths': '1.01', 'kill_assists_survived_traded': '76%', 'average_damage_per_round': '130.1', 'kills_per_round': '0.70', 'assists_per_round': '0.44', 'first_kills_per_round': '0.08', 'first_deaths_per_round': '0.08', 'headshot_percentage': '21%', 'clutch_success_percentage': '16%'}","['kayo', 'skye', 'yoru']",vct-international
trent,G2,1.03,Americas,"{'average_combat_score': '190.3', 'kill_deaths': '0.95', 'kill_assists_survived_traded': '72%', 'average_damage_per_round': '128.5', 'kills_per_round': '0.65', 'assists_per_round': '0.33', 'first_kills_per_round': '0.08', 'first_deaths_per_round': '0.08', 'headshot_percentage': '27%', 'clutch_success_percentage': '18%'}","['viper', 'sova', 'fade']",vct-international
Asuna,100T,1.01,Americas,"{'average_combat_score': '214.3', 'kill_deaths': '1.00', 'kill_assists_survived_traded': '74%', 'average_damage_per_round': '136.9', 'kills_per_round': '0.72', 'assists_per_round': '0.36', 'first_kills_per_round': '0.13', 'first_deaths_per_round': '0.14', 'headshot_percentage': '19%', 'clutch_success_percentage': '16%'}","['raze', 'gekko', 'kayo']",vct-international
Zellsis,SEN,1.01,Americas,"{'average_combat_score': '184.9', 'kill_deaths': '1.00', 'kill_assists_survived_traded': '74%', 'average_damage_per_round': '120.1', 'kills_per_round': '0.64', 'assists_per_round': '0.38', 'first_kills_per_round': '0.06', 'first_deaths_per_round': '0.08', 'headshot_percentage': '19%', 'clutch_success_percentage': '15%'}","['killjoy', 'kayo', 'brimstone']",vct-international
supamen,EG,1.00,Americas,"{'average_combat_score': '196.9', 'kill_deaths': '0.98', 'kill_assists_survived_traded': '71%', 'average_damage_per_round': '127.7', 'kills_per_round': '0.70', 'assists_per_round': '0.28', 'first_kills_per_round': '0.10', 'first_deaths_per_round': '0.12', 'headshot_percentage': '39%', 'clutch_success_percentage': '17%'}","['omen', 'viper', 'clove']",vct-international
wippie,C9,0.99,Americas,"{'average_combat_score': '179.0', 'kill_deaths': '0.98', 'kill_assists_survived_traded': '73%', 'average_damage_per_round': '119.7', 'kills_per_round': '0.60', 'assists_per_round': '0.22', 'first_kills_per_round': '0.07', 'first_deaths_per_round': '0.07', 'headshot_percentage': '21%', 'clutch_success_percentage': '7%'}","['viper', 'killjoy']",vct-international
JonahP,G2,0.98,Americas,"{'average_combat_score': '189.9', 'kill_deaths': '0.94', 'kill_assists_survived_traded': '72%', 'average_damage_per_round': '121.8', 'kills_per_round': '0.66', 'assists_per_round': '0.38', 'first_kills_per_round': '0.07', 'first_deaths_per_round': '0.09', 'headshot_percentage': '25%', 'clutch_success_percentage': '16%'}","['sova', 'kayo', 'breach']",vct-international
Sacy,SEN,0.98,Americas,"{'average_combat_score': '182.4', 'kill_deaths': '0.92', 'kill_assists_survived_traded': '73%', 'average_damage_per_round': '123.0', 'kills_per_round': '0.61', 'assists_per_round': '0.40', 'first_kills_per_round': '0.06', 'first_deaths_per_round': '0.08', 'headshot_percentage': '26%', 'clutch_success_percentage': '14%'}","['fade', 'gekko', 'skye']",vct-international
Victor,NRG,0.97,Americas,"{'average_combat_score': '213.1', 'kill_deaths': '1.05', 'kill_assists_survived_traded': '69%', 'average_damage_per_round': '139.7', 'kills_per_round': '0.75', 'assists_per_round': '0.18', 'first_kills_per_round': '0.14', 'first_deaths_per_round': '0.15', 'headshot_percentage': '26%', 'clutch_success_percentage': '10%'}","['cypher', 'killjoy', 'raze']",vct-international
jawgemo,G2,0.97,Americas,"{'average_combat_score': '225.7', 'kill_deaths': '0.96', 'kill_assists_survived_traded': '66%', 'average_damage_per_round': '150.1', 'kills_per_round': '0.75', 'assists_per_round': '0.22', 'first_kills_per_round': '0.17', 'first_deaths_per_round': '0.14', 'headshot_percentage': '22%', 'clutch_success_percentage': '14%'}","['raze', 'deadlock', 'jett']",vct-international
Demon1,LEV,0.97,Americas,"{'average_combat_score': '208.2', 'kill_deaths': '0.97', 'kill_assists_survived_traded': '71%', 'average_damage_per_round': '141.9', 'kills_per_round': '0.72', 'assists_per_round': '0.18', 'first_kills_per_round': '0.18', 'first_deaths_per_round': '0.17', 'headshot_percentage': '35%', 'clutch_success_percentage': '10%'}","['jett', 'omen', 'raze']",vct-international
jakee,YFP,0.96,Americas,"{'average_combat_score': '170.7', 'kill_deaths': '0.88', 'kill_assists_survived_traded': '74%', 'average_damage_per_round': '113.4', 'kills_per_round': '0.60', 'assists_per_round': '0.39', 'first_kills_per_round': '0.04', 'first_deaths_per_round': '0.06', 'headshot_percentage': '28%', 'clutch_success_percentage': '14%'}","['brimstone', 'astra', 'omen']",vct-international
Xeppaa,C9,0.96,Americas,"{'average_combat_score': '187.8', 'kill_deaths': '0.87', 'kill_assists_survived_traded': '76%', 'average_damage_per_round': '125.2', 'kills_per_round': '0.63', 'assists_per_round': '0.45', 'first_kills_per_round': '0.07', 'first_deaths_per_round': '0.09', 'headshot_percentage': '26%', 'clutch_success_percentage': '22%'}","['raze', 'skye', 'fade']",vct-international
crashies,NRG,0.96,Americas,"{'average_combat_score': '175.3', 'kill_deaths': '0.99', 'kill_assists_survived_traded': '73%', 'average_damage_per_round': '114.9', 'kills_per_round': '0.63', 'assists_per_round': '0.30', 'first_kills_per_round': '0.05', 'first_deaths_per_round': '0.06', 'headshot_percentage': '28%', 'clutch_success_percentage': '16%'}","['sova', 'viper', 'breach']",vct-international
moose,C9,0.96,Americas,"{'average_combat_score': '172.2', 'kill_deaths': '0.98', 'kill_assists_survived_traded': '69%', 'average_damage_per_round': '117.9', 'kills_per_round': '0.62', 'assists_per_round': '0.15', 'first_kills_per_round': '0.08', 'first_deaths_per_round': '0.06', 'headshot_percentage': '24%', 'clutch_success_percentage': '16%'}","['killjoy', 'cypher']",vct-international
NaturE,EG,0.95,Americas,"{'average_combat_score': '178.4', 'kill_deaths': '0.87', 'kill_assists_survived_traded': '71%', 'average_damage_per_round': '116.9', 'kills_per_round': '0.62', 'assists_per_round': '0.38', 'first_kills_per_round': '0.06', 'first_deaths_per_round': '0.06', 'headshot_percentage': '32%', 'clutch_success_percentage': '13%'}","['breach', 'kayo', 'viper']",vct-international
runi,C9,0.94,Americas,"{'average_combat_score': '174.8', 'kill_deaths': '0.91', 'kill_assists_survived_traded': '71%', 'average_damage_per_round': '120.7', 'kills_per_round': '0.62', 'assists_per_round': '0.27', 'first_kills_per_round': '0.06', 'first_deaths_per_round': '0.06', 'headshot_percentage': '34%', 'clutch_success_percentage': '12%'}","['sova', 'viper', 'breach']",vct-international
Marved,NRG,0.93,Americas,"{'average_combat_score': '190.8', 'kill_deaths': '0.91', 'kill_assists_survived_traded': '70%', 'average_damage_per_round': '124.4', 'kills_per_round': '0.66', 'assists_per_round': '0.30', 'first_kills_per_round': '0.07', 'first_deaths_per_round': '0.10', 'headshot_percentage': '27%', 'clutch_success_percentage': '22%'}","['viper', 'omen', 'cypher']",vct-international
icy,G2,0.92,Americas,"{'average_combat_score': '192.0', 'kill_deaths': '0.92', 'kill_assists_survived_traded': '69%', 'average_damage_per_round': '129.0', 'kills_per_round': '0.68', 'assists_per_round': '0.21', 'first_kills_per_round': '0.14', 'first_deaths_per_round': '0.14', 'headshot_percentage': '25%', 'clutch_success_percentage': '14%'}","['yoru', 'gekko', 'raze']",vct-international
vanity,C9,0.90,Americas,"{'average_combat_score': '177.8', 'kill_deaths': '0.86', 'kill_assists_survived_traded': '71%', 'average_damage_per_round': '118.6', 'kills_per_round': '0.62', 'assists_per_round': '0.35', 'first_kills_per_round': '0.08', 'first_deaths_per_round': '0.11', 'headshot_percentage': '22%', 'clutch_success_percentage': '14%'}","['skye', 'viper', 'gekko']",vct-international
Apoth,EG,0.87,Americas,"{'average_combat_score': '179.3', 'kill_deaths': '0.85', 'kill_assists_survived_traded': '62%', 'average_damage_per_round': '122.8', 'kills_per_round': '0.62', 'assists_per_round': '0.23', 'first_kills_per_round': '0.09', 'first_deaths_per_round': '0.15', 'headshot_percentage': '35%', 'clutch_success_percentage': '18%'}","['cypher', 'killjoy', 'harbor']",vct-international
Boostio,100T,0.83,Americas,"{'average_combat_score': '179.1', 'kill_deaths': '0.86', 'kill_assists_survived_traded': '69%', 'average_damage_per_round': '121.9', 'kills_per_round': '0.63', 'assists_per_round': '0.23', 'first_kills_per_round': '0.09', 'first_deaths_per_round': '0.12', 'headshot_percentage': '24%', 'clutch_success_percentage': '16%'}","['gekko', 'killjoy', 'omen']",vct-international
FiNESSE,NRG,0.76,Americas,"{'average_combat_score': '158.1', 'kill_deaths': '0.71', 'kill_assists_survived_traded': '64%', 'average_damage_per_round': '105.5', 'kills_per_round': '0.54', 'assists_per_round': '0.28', 'first_kills_per_round': '0.08', 'first_deaths_per_round': '0.04', 'headshot_percentage': '19%', 'clutch_success_percentage': '12%'}","['cypher', 'deadlock', 'viper']",vct-international
Leo,FNC,1.19,EMEA,"{'average_combat_score': '204.6', 'kill_deaths': '1.26', 'kill_assists_survived_traded': '81%', 'average_damage_per_round': '135.6', 'kills_per_round': '0.73', 'assists_per_round': '0.36', 'first_kills_per_round': '0.05', 'first_deaths_per_round': '0.03', 'headshot_percentage': '26%', 'clutch_success_percentage': '9%'}","['fade', 'sova', 'skye']",vct-international
trexx,VIT,1.16,EMEA,"{'average_combat_score': '219.6', 'kill_deaths': '1.12', 'kill_assists_survived_traded': '76%', 'average_damage_per_round': '146.1', 'kills_per_round': '0.75', 'assists_per_round': '0.43', 'first_kills_per_round': '0.09', 'first_deaths_per_round': '0.08', 'headshot_percentage': '19%', 'clutch_success_percentage': '13%'}","['viper', 'fade', 'astra']",vct-international
N4RRATE,SEN,1.16,EMEA,"{'average_combat_score': '233.2', 'kill_deaths': '1.17', 'kill_assists_survived_traded': '76%', 'average_damage_per_round': '153.9', 'kills_per_round': '0.81', 'assists_per_round': '0.33', 'first_kills_per_round': '0.12', 'first_deaths_per_round': '0.08', 'headshot_percentage': '26%', 'clutch_success_percentage': '19%'}","['gekko', 'fade', 'raze']",vct-international
Chronicle,FNC,1.15,EMEA,"{'average_combat_score': '210.5', 'kill_deaths': '1.14', 'kill_assists_survived_traded': '75%', 'average_damage_per_round': '142.0', 'kills_per_round': '0.72', 'assists_per_round': '0.38', 'first_kills_per_round': '0.10', 'first_deaths_per_round': '0.07', 'headshot_percentage': '24%', 'clutch_success_percentage': '20%'}","['viper', 'kayo', 'breach']",vct-international
Sayf,VIT,1.14,EMEA,"{'average_combat_score': '227.5', 'kill_deaths': '1.20', 'kill_assists_survived_traded': '70%', 'average_damage_per_round': '147.6', 'kills_per_round': '0.82', 'assists_per_round': '0.22', 'first_kills_per_round': '0.13', 'first_deaths_per_round': '0.13', 'headshot_percentage': '28%', 'clutch_success_percentage': '14%'}","['viper', 'omen', 'kayo']",vct-international
Alfajer,FNC,1.10,EMEA,"{'average_combat_score': '218.3', 'kill_deaths': '1.17', 'kill_assists_survived_traded': '73%', 'average_damage_per_round': '146.1', 'kills_per_round': '0.78', 'assists_per_round': '0.21', 'first_kills_per_round': '0.11', 'first_deaths_per_round': '0.10', 'headshot_percentage': '29%', 'clutch_success_percentage': '12%'}","['killjoy', 'cypher', 'viper']",vct-international
K4DAVRA,M8,1.10,EMEA,"{'average_combat_score': '207.8', 'kill_deaths': '1.12', 'kill_assists_survived_traded': '69%', 'average_damage_per_round': '132.9', 'kills_per_round': '0.74', 'assists_per_round': '0.28', 'first_kills_per_round': '0.09', 'first_deaths_per_round': '0.08', 'headshot_percentage': '31%', 'clutch_success_percentage': '11%'}","['cypher', 'omen', 'viper']",vct-international
grubinho,KOI,1.09,EMEA,"{'average_combat_score': '197.5', 'kill_deaths': '1.07', 'kill_assists_survived_traded': '75%', 'average_damage_per_round': '126.1', 'kills_per_round': '0.70', 'assists_per_round': '0.35', 'first_kills_per_round': '0.08', 'first_deaths_per_round': '0.08', 'headshot_percentage': '34%', 'clutch_success_percentage': '12%'}","['viper', 'brimstone', 'omen']",vct-international
RieNs,TH,1.09,EMEA,"{'average_combat_score': '205.8', 'kill_deaths': '1.09', 'kill_assists_survived_traded': '76%', 'average_damage_per_round': '138.4', 'kills_per_round': '0.72', 'assists_per_round': '0.35', 'first_kills_per_round': '0.08', 'first_deaths_per_round': '0.06', 'headshot_percentage': '37%', 'clutch_success_percentage': '16%'}","['gekko', 'sova', 'breach']",vct-international
Elite,BBL,1.08,EMEA,"{'average_combat_score': '199.8', 'kill_deaths': '1.13', 'kill_assists_survived_traded': '70%', 'average_damage_per_round': '133.7', 'kills_per_round': '0.73', 'assists_per_round': '0.19', 'first_kills_per_round': '0.08', 'first_deaths_per_round': '0.06', 'headshot_percentage': '43%', 'clutch_success_percentage': '14%'}","['viper', 'killjoy', 'cypher']",vct-international
cNed,FUT,1.08,EMEA,"{'average_combat_score': '226.8', 'kill_deaths': '1.09', 'kill_assists_survived_traded': '71%', 'average_damage_per_round': '151.3', 'kills_per_round': '0.79', 'assists_per_round': '0.17', 'first_kills_per_round': '0.16', 'first_deaths_per_round': '0.15', 'headshot_percentage': '26%', 'clutch_success_percentage': '8%'}","['chamber', 'raze', 'jett']",vct-international
sheydos,KOI,1.07,EMEA,"{'average_combat_score': '181.3', 'kill_deaths': '1.13', 'kill_assists_survived_traded': '75%', 'average_damage_per_round': '122.3', 'kills_per_round': '0.67', 'assists_per_round': '0.17', 'first_kills_per_round': '0.05', 'first_deaths_per_round': '0.05', 'headshot_percentage': '26%', 'clutch_success_percentage': '15%'}","['killjoy', 'viper', 'cypher']",vct-international
nataNk,M8,1.07,EMEA,"{'average_combat_score': '229.6', 'kill_deaths': '1.07', 'kill_assists_survived_traded': '70%', 'average_damage_per_round': '150.4', 'kills_per_round': '0.79', 'assists_per_round': '0.24', 'first_kills_per_round': '0.15', 'first_deaths_per_round': '0.14', 'headshot_percentage': '26%', 'clutch_success_percentage': '39%'}","['raze', 'phoenix', 'sage']",vct-international
Derke,VIT,1.07,EMEA,"{'average_combat_score': '234.5', 'kill_deaths': '1.16', 'kill_assists_survived_traded': '71%', 'average_damage_per_round': '154.0', 'kills_per_round': '0.83', 'assists_per_round': '0.19', 'first_kills_per_round': '0.17', 'first_deaths_per_round': '0.16', 'headshot_percentage': '25%', 'clutch_success_percentage': '22%'}","['raze', 'jett', 'yoru']",vct-international
yetujey,FUT,1.07,EMEA,"{'average_combat_score': '201.3', 'kill_deaths': '1.10', 'kill_assists_survived_traded': '71%', 'average_damage_per_round': '132.6', 'kills_per_round': '0.71', 'assists_per_round': '0.23', 'first_kills_per_round': '0.10', 'first_deaths_per_round': '0.09', 'headshot_percentage': '26%', 'clutch_success_percentage': '16%'}","['viper', 'phoenix', 'cypher']",vct-international
Wo0t,TH,1.06,EMEA,"{'average_combat_score': '217.0', 'kill_deaths': '1.08', 'kill_assists_survived_traded': '75%', 'average_damage_per_round': '140.7', 'kills_per_round': '0.75', 'assists_per_round': '0.32', 'first_kills_per_round': '0.13', 'first_deaths_per_round': '0.11', 'headshot_percentage': '35%', 'clutch_success_percentage': '16%'}","['kayo', 'skye', 'reyna']",vct-international
marteen,KC,1.06,EMEA,"{'average_combat_score': '222.9', 'kill_deaths': '1.09', 'kill_assists_survived_traded': '73%', 'average_damage_per_round': '147.5', 'kills_per_round': '0.78', 'assists_per_round': '0.22', 'first_kills_per_round': '0.17', 'first_deaths_per_round': '0.15', 'headshot_percentage': '26%', 'clutch_success_percentage': '23%'}","['jett', 'raze', 'yoru']",vct-international
benjyfishy,TH,1.05,EMEA,"{'average_combat_score': '198.1', 'kill_deaths': '1.12', 'kill_assists_survived_traded': '71%', 'average_damage_per_round': '132.6', 'kills_per_round': '0.74', 'assists_per_round': '0.19', 'first_kills_per_round': '0.09', 'first_deaths_per_round': '0.09', 'headshot_percentage': '35%', 'clutch_success_percentage': '17%'}","['killjoy', 'cypher', 'viper']",vct-international
hiro,FNC,1.05,EMEA,"{'average_combat_score': '190.6', 'kill_deaths': '1.10', 'kill_assists_survived_traded': '72%', 'average_damage_per_round': '123.5', 'kills_per_round': '0.69', 'assists_per_round': '0.31', 'first_kills_per_round': '0.07', 'first_deaths_per_round': '0.09', 'headshot_percentage': '29%', 'clutch_success_percentage': '23%'}","['sova', 'gekko', 'fade']",vct-international
ardiis,NAVI,1.05,EMEA,"{'average_combat_score': '212.0', 'kill_deaths': '1.04', 'kill_assists_survived_traded': '72%', 'average_damage_per_round': '139.4', 'kills_per_round': '0.77', 'assists_per_round': '0.33', 'first_kills_per_round': '0.13', 'first_deaths_per_round': '0.12', 'headshot_percentage': '22%', 'clutch_success_percentage': '21%'}","['kayo', 'jett', 'yoru']",vct-international
MrFaliN,FUT,1.04,EMEA,"{'average_combat_score': '191.0', 'kill_deaths': '0.96', 'kill_assists_survived_traded': '74%', 'average_damage_per_round': '125.5', 'kills_per_round': '0.66', 'assists_per_round': '0.42', 'first_kills_per_round': '0.08', 'first_deaths_per_round': '0.09', 'headshot_percentage': '22%', 'clutch_success_percentage': '16%'}","['skye', 'sova', 'omen']",vct-international
nukkye,GX,1.04,EMEA,"{'average_combat_score': '202.2', 'kill_deaths': '0.99', 'kill_assists_survived_traded': '73%', 'average_damage_per_round': '137.4', 'kills_per_round': '0.69', 'assists_per_round': '0.30', 'first_kills_per_round': '0.10', 'first_deaths_per_round': '0.06', 'headshot_percentage': '29%', 'clutch_success_percentage': '8%'}","['cypher', 'sage', 'killjoy']",vct-international
Shao,NAVI,1.04,EMEA,"{'average_combat_score': '191.8', 'kill_deaths': '1.01', 'kill_assists_survived_traded': '74%', 'average_damage_per_round': '129.5', 'kills_per_round': '0.68', 'assists_per_round': '0.37', 'first_kills_per_round': '0.08', 'first_deaths_per_round': '0.08', 'headshot_percentage': '31%', 'clutch_success_percentage': '20%'}","['brimstone', 'omen', 'viper']",vct-international
purp0,GX,1.04,EMEA,"{'average_combat_score': '217.2', 'kill_deaths': '1.04', 'kill_assists_survived_traded': '69%', 'average_damage_per_round': '144.5', 'kills_per_round': '0.76', 'assists_per_round': '0.16', 'first_kills_per_round': '0.19', 'first_deaths_per_round': '0.15', 'headshot_percentage': '34%', 'clutch_success_percentage': '6%'}","['jett', 'raze', 'yoru']",vct-international
Cloud,GX,1.02,EMEA,"{'average_combat_score': '200.9', 'kill_deaths': '0.99', 'kill_assists_survived_traded': '72%', 'average_damage_per_round': '135.6', 'kills_per_round': '0.70', 'assists_per_round': '0.32', 'first_kills_per_round': '0.07', 'first_deaths_per_round': '0.07', 'headshot_percentage': '24%', 'clutch_success_percentage': '13%'}","['breach', 'fade', 'skye']",vct-international
nAts,TL,1.01,EMEA,"{'average_combat_score': '210.2', 'kill_deaths': '1.07', 'kill_assists_survived_traded': '72%', 'average_damage_per_round': '138.7', 'kills_per_round': '0.75', 'assists_per_round': '0.25', 'first_kills_per_round': '0.09', 'first_deaths_per_round': '0.10', 'headshot_percentage': '29%', 'clutch_success_percentage': '12%'}","['cypher', 'viper', 'killjoy']",vct-international
QutionerX,EF,1.01,EMEA,"{'average_combat_score': '235.9', 'kill_deaths': '1.02', 'kill_assists_survived_traded': '71%', 'average_damage_per_round': '155.0', 'kills_per_round': '0.81', 'assists_per_round': '0.19', 'first_kills_per_round': '0.21', 'first_deaths_per_round': '0.15', 'headshot_percentage': '26%', 'clutch_success_percentage': '10%'}","['raze', 'jett', 'neon']",vct-international
MiniBoo,TH,1.01,EMEA,"{'average_combat_score': '221.1', 'kill_deaths': '1.03', 'kill_assists_survived_traded': '71%', 'average_damage_per_round': '144.2', 'kills_per_round': '0.76', 'assists_per_round': '0.22', 'first_kills_per_round': '0.17', 'first_deaths_per_round': '0.17', 'headshot_percentage': '30%', 'clutch_success_percentage': '17%'}","['neon', 'yoru', 'raze']",vct-international
SUYGETSU,NAVI,1.00,EMEA,"{'average_combat_score': '184.9', 'kill_deaths': '1.01', 'kill_assists_survived_traded': '72%', 'average_damage_per_round': '125.7', 'kills_per_round': '0.66', 'assists_per_round': '0.21', 'first_kills_per_round': '0.07', 'first_deaths_per_round': '0.06', 'headshot_percentage': '33%', 'clutch_success_percentage': '12%'}","['viper', 'cypher', 'killjoy']",vct-international
qRaxs,FUT,1.00,EMEA,"{'average_combat_score': '186.5', 'kill_deaths': '0.97', 'kill_assists_survived_traded': '73%', 'average_damage_per_round': '121.7', 'kills_per_round': '0.67', 'assists_per_round': '0.35', 'first_kills_per_round': '0.06', 'first_deaths_per_round': '0.06', 'headshot_percentage': '28%', 'clutch_success_percentage': '18%'}","['raze', 'fade', 'gekko']",vct-international
Keiko,TL,1.00,EMEA,"{'average_combat_score': '216.5', 'kill_deaths': '1.05', 'kill_assists_survived_traded': '69%', 'average_damage_per_round': '142.8', 'kills_per_round': '0.79', 'assists_per_round': '0.17', 'first_kills_per_round': '0.17', 'first_deaths_per_round': '0.17', 'headshot_percentage': '31%', 'clutch_success_percentage': '16%'}","['raze', 'yoru', 'jett']",vct-international
Zyppan,NAVI,0.99,EMEA,"{'average_combat_score': '215.3', 'kill_deaths': '1.00', 'kill_assists_survived_traded': '71%', 'average_damage_per_round': '144.6', 'kills_per_round': '0.75', 'assists_per_round': '0.30', 'first_kills_per_round': '0.12', 'first_deaths_per_round': '0.13', 'headshot_percentage': '29%', 'clutch_success_percentage': '8%'}","['raze', 'kayo', 'sova']",vct-international
logaN,M8,0.99,EMEA,"{'average_combat_score': '181.7', 'kill_deaths': '0.98', 'kill_assists_survived_traded': '68%', 'average_damage_per_round': '119.4', 'kills_per_round': '0.63', 'assists_per_round': '0.19', 'first_kills_per_round': '0.06', 'first_deaths_per_round': '0.09', 'headshot_percentage': '32%', 'clutch_success_percentage': '4%'}","['cypher', 'killjoy', 'omen']",vct-international
Kicks,VIT,0.98,EMEA,"{'average_combat_score': '180.4', 'kill_deaths': '0.93', 'kill_assists_survived_traded': '72%', 'average_damage_per_round': '116.7', 'kills_per_round': '0.64', 'assists_per_round': '0.40', 'first_kills_per_round': '0.05', 'first_deaths_per_round': '0.07', 'headshot_percentage': '22%', 'clutch_success_percentage': '21%'}","['skye', 'sova', 'deadlock']",vct-international
Boo,TH,0.97,EMEA,"{'average_combat_score': '173.4', 'kill_deaths': '0.95', 'kill_assists_survived_traded': '73%', 'average_damage_per_round': '111.2', 'kills_per_round': '0.62', 'assists_per_round': '0.41', 'first_kills_per_round': '0.08', 'first_deaths_per_round': '0.08', 'headshot_percentage': '31%', 'clutch_success_percentage': '14%'}","['omen', 'astra', 'viper']",vct-international
runneR,VIT,0.96,EMEA,"{'average_combat_score': '205.2', 'kill_deaths': '0.96', 'kill_assists_survived_traded': '71%', 'average_damage_per_round': '135.9', 'kills_per_round': '0.70', 'assists_per_round': '0.26', 'first_kills_per_round': '0.13', 'first_deaths_per_round': '0.12', 'headshot_percentage': '20%', 'clutch_success_percentage': '15%'}","['raze', 'jett', 'yoru']",vct-international
MAGNUM,KC,0.96,EMEA,"{'average_combat_score': '180.0', 'kill_deaths': '0.91', 'kill_assists_survived_traded': '72%', 'average_damage_per_round': '120.8', 'kills_per_round': '0.62', 'assists_per_round': '0.32', 'first_kills_per_round': '0.09', 'first_deaths_per_round': '0.11', 'headshot_percentage': '26%', 'clutch_success_percentage': '20%'}","['killjoy', 'fade', 'skye']",vct-international
Brave,EF,0.96,EMEA,"{'average_combat_score': '196.6', 'kill_deaths': '0.94', 'kill_assists_survived_traded': '70%', 'average_damage_per_round': '128.6', 'kills_per_round': '0.69', 'assists_per_round': '0.33', 'first_kills_per_round': '0.11', 'first_deaths_per_round': '0.09', 'headshot_percentage': '34%', 'clutch_success_percentage': '19%'}","['brimstone', 'omen', 'viper']",vct-international
kamo,TL,0.96,EMEA,"{'average_combat_score': '224.9', 'kill_deaths': '0.97', 'kill_assists_survived_traded': '68%', 'average_damage_per_round': '147.8', 'kills_per_round': '0.76', 'assists_per_round': '0.19', 'first_kills_per_round': '0.21', 'first_deaths_per_round': '0.19', 'headshot_percentage': '26%', 'clutch_success_percentage': '20%'}","['yoru', 'raze', 'jett']",vct-international
AtaKaptan,FUT,0.95,EMEA,"{'average_combat_score': '190.5', 'kill_deaths': '0.93', 'kill_assists_survived_traded': '71%', 'average_damage_per_round': '121.1', 'kills_per_round': '0.66', 'assists_per_round': '0.37', 'first_kills_per_round': '0.08', 'first_deaths_per_round': '0.12', 'headshot_percentage': '26%', 'clutch_success_percentage': '11%'}","['omen', 'viper', 'breach']",vct-international
sh1n,KC,0.94,EMEA,"{'average_combat_score': '168.1', 'kill_deaths': '0.93', 'kill_assists_survived_traded': '75%', 'average_damage_per_round': '107.7', 'kills_per_round': '0.61', 'assists_per_round': '0.37', 'first_kills_per_round': '0.07', 'first_deaths_per_round': '0.07', 'headshot_percentage': '29%', 'clutch_success_percentage': '11%'}","['sage', 'omen', 'astra']",vct-international
tomaszy,KC,0.94,EMEA,"{'average_combat_score': '182.8', 'kill_deaths': '0.93', 'kill_assists_survived_traded': '71%', 'average_damage_per_round': '124.2', 'kills_per_round': '0.64', 'assists_per_round': '0.28', 'first_kills_per_round': '0.08', 'first_deaths_per_round': '0.08', 'headshot_percentage': '33%', 'clutch_success_percentage': '14%'}","['viper', 'omen', 'fade']",vct-international
starxo,KOI,0.94,EMEA,"{'average_combat_score': '180.3', 'kill_deaths': '0.91', 'kill_assists_survived_traded': '71%', 'average_damage_per_round': '117.5', 'kills_per_round': '0.62', 'assists_per_round': '0.42', 'first_kills_per_round': '0.07', 'first_deaths_per_round': '0.11', 'headshot_percentage': '23%', 'clutch_success_percentage': '18%'}","['harbor', 'skye', 'fade']",vct-international
Enzo,TL,0.92,EMEA,"{'average_combat_score': '175.7', 'kill_deaths': '0.86', 'kill_assists_survived_traded': '66%', 'average_damage_per_round': '117.9', 'kills_per_round': '0.57', 'assists_per_round': '0.30', 'first_kills_per_round': '0.06', 'first_deaths_per_round': '0.07', 'headshot_percentage': '18%', 'clutch_success_percentage': '9%'}","['skye', 'sova', 'gekko']",vct-international
Fit1nho,GX,0.92,EMEA,"{'average_combat_score': '185.7', 'kill_deaths': '0.90', 'kill_assists_survived_traded': '68%', 'average_damage_per_round': '125.6', 'kills_per_round': '0.64', 'assists_per_round': '0.25', 'first_kills_per_round': '0.10', 'first_deaths_per_round': '0.10', 'headshot_percentage': '30%', 'clutch_success_percentage': '7%'}","['raze', 'yoru', 'breach']",vct-international
TakaS,M8,0.91,EMEA,"{'average_combat_score': '205.4', 'kill_deaths': '0.93', 'kill_assists_survived_traded': '65%', 'average_damage_per_round': '135.3', 'kills_per_round': '0.71', 'assists_per_round': '0.23', 'first_kills_per_round': '0.16', 'first_deaths_per_round': '0.18', 'headshot_percentage': '22%', 'clutch_success_percentage': '14%'}","['yoru', 'raze', 'neon']",vct-international
hoody,GX,0.91,EMEA,"{'average_combat_score': '173.0', 'kill_deaths': '0.87', 'kill_assists_survived_traded': '69%', 'average_damage_per_round': '119.5', 'kills_per_round': '0.60', 'assists_per_round': '0.27', 'first_kills_per_round': '0.08', 'first_deaths_per_round': '0.10', 'headshot_percentage': '25%', 'clutch_success_percentage': '9%'}","['skye', 'breach', 'viper']",vct-international
ceNder,VIT,0.90,EMEA,"{'average_combat_score': '168.7', 'kill_deaths': '0.86', 'kill_assists_survived_traded': '69%', 'average_damage_per_round': '111.4', 'kills_per_round': '0.60', 'assists_per_round': '0.34', 'first_kills_per_round': '0.08', 'first_deaths_per_round': '0.12', 'headshot_percentage': '27%', 'clutch_success_percentage': '12%'}","['omen', 'viper', 'cypher']",vct-international
pAura,S2G,0.89,EMEA,"{'average_combat_score': '168.7', 'kill_deaths': '0.82', 'kill_assists_survived_traded': '67%', 'average_damage_per_round': '108.3', 'kills_per_round': '0.59', 'assists_per_round': '0.40', 'first_kills_per_round': '0.10', 'first_deaths_per_round': '0.11', 'headshot_percentage': '33%', 'clutch_success_percentage': '11%'}","['breach', 'kayo', 'sage']",vct-international
Jamppi,BBL,0.88,EMEA,"{'average_combat_score': '184.2', 'kill_deaths': '0.85', 'kill_assists_survived_traded': '71%', 'average_damage_per_round': '120.1', 'kills_per_round': '0.63', 'assists_per_round': '0.29', 'first_kills_per_round': '0.08', 'first_deaths_per_round': '0.12', 'headshot_percentage': '31%', 'clutch_success_percentage': '14%'}","['viper', 'kayo', 'killjoy']",vct-international
Famsii,HGE,0.88,EMEA,"{'average_combat_score': '171.6', 'kill_deaths': '0.85', 'kill_assists_survived_traded': '71%', 'average_damage_per_round': '125.6', 'kills_per_round': '0.62', 'assists_per_round': '0.28', 'first_kills_per_round': '0.09', 'first_deaths_per_round': '0.07', 'headshot_percentage': '27%', 'clutch_success_percentage': ''}","['omen', 'raze']",vct-international
paTiTek,TH,0.87,EMEA,"{'average_combat_score': '185.7', 'kill_deaths': '0.91', 'kill_assists_survived_traded': '71%', 'average_damage_per_round': '123.2', 'kills_per_round': '0.62', 'assists_per_round': '0.44', 'first_kills_per_round': '0.08', 'first_deaths_per_round': '0.08', 'headshot_percentage': '23%', 'clutch_success_percentage': '13%'}","['viper', 'kayo', 'brimstone']",vct-international
Wailers,M8,0.86,EMEA,"{'average_combat_score': '153.4', 'kill_deaths': '0.84', 'kill_assists_survived_traded': '69%', 'average_damage_per_round': '103.5', 'kills_per_round': '0.57', 'assists_per_round': '0.23', 'first_kills_per_round': '0.05', 'first_deaths_per_round': '0.04', 'headshot_percentage': '31%', 'clutch_success_percentage': '8%'}","['omen', 'viper', 'cypher']",vct-international
ShadoW,KOI,0.86,EMEA,"{'average_combat_score': '167.6', 'kill_deaths': '0.84', 'kill_assists_survived_traded': '68%', 'average_damage_per_round': '108.6', 'kills_per_round': '0.59', 'assists_per_round': '0.30', 'first_kills_per_round': '0.05', 'first_deaths_per_round': '0.10', 'headshot_percentage': '21%', 'clutch_success_percentage': '12%'}","['sova', 'fade', 'breach']",vct-international
Mistic,TL,0.86,EMEA,"{'average_combat_score': '169.7', 'kill_deaths': '0.83', 'kill_assists_survived_traded': '71%', 'average_damage_per_round': '112.4', 'kills_per_round': '0.60', 'assists_per_round': '0.33', 'first_kills_per_round': '0.06', 'first_deaths_per_round': '0.08', 'headshot_percentage': '31%', 'clutch_success_percentage': '10%'}","['omen', 'viper', 'harbor']",vct-international
Boaster,FNC,0.85,EMEA,"{'average_combat_score': '152.8', 'kill_deaths': '0.79', 'kill_assists_survived_traded': '72%', 'average_damage_per_round': '99.7', 'kills_per_round': '0.52', 'assists_per_round': '0.40', 'first_kills_per_round': '0.07', 'first_deaths_per_round': '0.11', 'headshot_percentage': '23%', 'clutch_success_percentage': '12%'}","['omen', 'harbor', 'brimstone']",vct-international
Destrian,HGE,0.84,EMEA,"{'average_combat_score': '158.7', 'kill_deaths': '0.77', 'kill_assists_survived_traded': '68%', 'average_damage_per_round': '111.9', 'kills_per_round': '0.54', 'assists_per_round': '0.32', 'first_kills_per_round': '0.06', 'first_deaths_per_round': '0.09', 'headshot_percentage': '21%', 'clutch_success_percentage': '10%'}","['cypher', 'killjoy', 'omen']",vct-international
Redgar,GX,0.82,EMEA,"{'average_combat_score': '154.0', 'kill_deaths': '0.80', 'kill_assists_survived_traded': '68%', 'average_damage_per_round': '101.3', 'kills_per_round': '0.56', 'assists_per_round': '0.33', 'first_kills_per_round': '0.08', 'first_deaths_per_round': '0.10', 'headshot_percentage': '37%', 'clutch_success_percentage': '17%'}","['omen', 'cypher', 'kayo']",vct-international
ANGE1,NAVI,0.81,EMEA,"{'average_combat_score': '172.0', 'kill_deaths': '0.80', 'kill_assists_survived_traded': '66%', 'average_damage_per_round': '116.3', 'kills_per_round': '0.60', 'assists_per_round': '0.29', 'first_kills_per_round': '0.10', 'first_deaths_per_round': '0.12', 'headshot_percentage': '33%', 'clutch_success_percentage': '7%'}","['gekko', 'sova', 'omen']",vct-international
reazy,BBL,0.81,EMEA,"{'average_combat_score': '156.7', 'kill_deaths': '0.76', 'kill_assists_survived_traded': '67%', 'average_damage_per_round': '108.6', 'kills_per_round': '0.53', 'assists_per_round': '0.33', 'first_kills_per_round': '0.04', 'first_deaths_per_round': '0.05', 'headshot_percentage': '29%', 'clutch_success_percentage': '16%'}","['skye', 'sova', 'gekko']",vct-international
beyAz,M8,0.80,EMEA,"{'average_combat_score': '155.4', 'kill_deaths': '0.72', 'kill_assists_survived_traded': '71%', 'average_damage_per_round': '103.8', 'kills_per_round': '0.52', 'assists_per_round': '0.42', 'first_kills_per_round': '0.05', 'first_deaths_per_round': '0.07', 'headshot_percentage': '23%', 'clutch_success_percentage': '11%'}","['breach', 'sova', 'kayo']",vct-international
Smoggy,EDG,1.11,China,"{'average_combat_score': '207.1', 'kill_deaths': '1.16', 'kill_assists_survived_traded': '75%', 'average_damage_per_round': '136.0', 'kills_per_round': '0.74', 'assists_per_round': '0.36', 'first_kills_per_round': '0.08', 'first_deaths_per_round': '0.07', 'headshot_percentage': '28%', 'clutch_success_percentage': '14%'}","['kayo', 'raze', 'breach']",vct-international
CHICHOO,EDG,1.11,China,"{'average_combat_score': '201.6', 'kill_deaths': '1.11', 'kill_assists_survived_traded': '73%', 'average_damage_per_round': '134.6', 'kills_per_round': '0.73', 'assists_per_round': '0.26', 'first_kills_per_round': '0.08', 'first_deaths_per_round': '0.06', 'headshot_percentage': '29%', 'clutch_success_percentage': '11%'}","['cypher', 'brimstone', 'viper']",vct-international
Kai,TE,1.10,China,"{'average_combat_score': '211.4', 'kill_deaths': '1.09', 'kill_assists_survived_traded': '70%', 'average_damage_per_round': '145.3', 'kills_per_round': '0.77', 'assists_per_round': '0.19', 'first_kills_per_round': '0.16', 'first_deaths_per_round': '0.14', 'headshot_percentage': '29%', 'clutch_success_percentage': '4%'}","['jett', 'cypher', 'killjoy']",vct-international
ZmjjKK,EDG,1.10,China,"{'average_combat_score': '260.9', 'kill_deaths': '1.20', 'kill_assists_survived_traded': '69%', 'average_damage_per_round': '159.4', 'kills_per_round': '0.91', 'assists_per_round': '0.22', 'first_kills_per_round': '0.21', 'first_deaths_per_round': '0.18', 'headshot_percentage': '24%', 'clutch_success_percentage': '16%'}","['raze', 'kayo', 'jett']",vct-international
Autumn,FPX,1.05,China,"{'average_combat_score': '212.1', 'kill_deaths': '1.08', 'kill_assists_survived_traded': '70%', 'average_damage_per_round': '138.4', 'kills_per_round': '0.74', 'assists_per_round': '0.26', 'first_kills_per_round': '0.11', 'first_deaths_per_round': '0.07', 'headshot_percentage': '30%', 'clutch_success_percentage': '19%'}","['jett', 'raze', 'phoenix']",vct-international
LuoK1ng,TE,1.04,China,"{'average_combat_score': '187.4', 'kill_deaths': '0.93', 'kill_assists_survived_traded': '74%', 'average_damage_per_round': '119.5', 'kills_per_round': '0.66', 'assists_per_round': '0.34', 'first_kills_per_round': '0.06', 'first_deaths_per_round': '0.06', 'headshot_percentage': '33%', 'clutch_success_percentage': ''}","['omen', 'viper', 'brimstone']",vct-international
S1Mon,EDG,0.99,China,"{'average_combat_score': '170.2', 'kill_deaths': '0.94', 'kill_assists_survived_traded': '76%', 'average_damage_per_round': '112.6', 'kills_per_round': '0.60', 'assists_per_round': '0.47', 'first_kills_per_round': '0.06', 'first_deaths_per_round': '0.04', 'headshot_percentage': '29%', 'clutch_success_percentage': '20%'}","['breach', 'kayo', 'fade']",vct-international
FengF,TE,0.95,China,"{'average_combat_score': '222.7', 'kill_deaths': '1.07', 'kill_assists_survived_traded': '67%', 'average_damage_per_round': '139.2', 'kills_per_round': '0.77', 'assists_per_round': '0.19', 'first_kills_per_round': '0.13', 'first_deaths_per_round': '0.12', 'headshot_percentage': '29%', 'clutch_success_percentage': '15%'}","['sova', 'raze', 'cypher']",vct-international
Flex1n,BLG,0.93,China,"{'average_combat_score': '192.1', 'kill_deaths': '0.98', 'kill_assists_survived_traded': '73%', 'average_damage_per_round': '120.6', 'kills_per_round': '0.67', 'assists_per_round': '0.38', 'first_kills_per_round': '0.06', 'first_deaths_per_round': '0.09', 'headshot_percentage': '36%', 'clutch_success_percentage': '15%'}","['omen', 'viper', 'brimstone']",vct-international
whzy,Toe,0.92,China,"{'average_combat_score': '237.9', 'kill_deaths': '1.08', 'kill_assists_survived_traded': '65%', 'average_damage_per_round': '145.4', 'kills_per_round': '0.82', 'assists_per_round': '0.20', 'first_kills_per_round': '0.19', 'first_deaths_per_round': '0.20', 'headshot_percentage': '22%', 'clutch_success_percentage': ''}","['raze', 'jett', 'yoru']",vct-international
nobody,EDG,0.92,China,"{'average_combat_score': '190.4', 'kill_deaths': '0.98', 'kill_assists_survived_traded': '70%', 'average_damage_per_round': '122.9', 'kills_per_round': '0.67', 'assists_per_round': '0.28', 'first_kills_per_round': '0.08', 'first_deaths_per_round': '0.12', 'headshot_percentage': '33%', 'clutch_success_percentage': '20%'}","['sova', 'skye', 'gekko']",vct-international
AAAAY,FPX,0.86,China,"{'average_combat_score': '189.5', 'kill_deaths': '1.03', 'kill_assists_survived_traded': '67%', 'average_damage_per_round': '126.8', 'kills_per_round': '0.70', 'assists_per_round': '0.25', 'first_kills_per_round': '0.06', 'first_deaths_per_round': '0.05', 'headshot_percentage': '31%', 'clutch_success_percentage': '6%'}","['gekko', 'sova', 'fade']",vct-international
heybay,TE,0.86,China,"{'average_combat_score': '170.5', 'kill_deaths': '0.85', 'kill_assists_survived_traded': '74%', 'average_damage_per_round': '105.2', 'kills_per_round': '0.59', 'assists_per_round': '0.40', 'first_kills_per_round': '0.07', 'first_deaths_per_round': '0.06', 'headshot_percentage': '25%', 'clutch_success_percentage': '9%'}","['kayo', 'breach', 'brimstone']",vct-international
BerLIN,FPX,0.86,China,"{'average_combat_score': '187.1', 'kill_deaths': '0.92', 'kill_assists_survived_traded': '67%', 'average_damage_per_round': '125.8', 'kills_per_round': '0.64', 'assists_per_round': '0.36', 'first_kills_per_round': '0.10', 'first_deaths_per_round': '0.10', 'headshot_percentage': '29%', 'clutch_success_percentage': '8%'}","['omen', 'harbor', 'astra']",vct-international
Lysoar,WOL,0.83,China,"{'average_combat_score': '183.0', 'kill_deaths': '0.98', 'kill_assists_survived_traded': '65%', 'average_damage_per_round': '120.5', 'kills_per_round': '0.65', 'assists_per_round': '0.30', 'first_kills_per_round': '0.06', 'first_deaths_per_round': '0.06', 'headshot_percentage': '24%', 'clutch_success_percentage': '4%'}","['viper', 'cypher', 'omen']",vct-international
Life,FPX,0.83,China,"{'average_combat_score': '227.8', 'kill_deaths': '1.03', 'kill_assists_survived_traded': '62%', 'average_damage_per_round': '139.4', 'kills_per_round': '0.79', 'assists_per_round': '0.18', 'first_kills_per_round': '0.19', 'first_deaths_per_round': '0.21', 'headshot_percentage': '35%', 'clutch_success_percentage': '24%'}","['reyna', 'chamber', 'jett']",vct-international
Biank,TE,0.82,China,"{'average_combat_score': '180.5', 'kill_deaths': '0.85', 'kill_assists_survived_traded': '64%', 'average_damage_per_round': '118.3', 'kills_per_round': '0.60', 'assists_per_round': '0.33', 'first_kills_per_round': '0.09', 'first_deaths_per_round': '0.11', 'headshot_percentage': '16%', 'clutch_success_percentage': '35%'}","['fade', 'sova', 'skye']",vct-international
Haodong,TEC,0.80,China,"{'average_combat_score': '155.6', 'kill_deaths': '0.79', 'kill_assists_survived_traded': '69%', 'average_damage_per_round': '101.3', 'kills_per_round': '0.55', 'assists_per_round': '0.33', 'first_kills_per_round': '0.08', 'first_deaths_per_round': '0.11', 'headshot_percentage': '27%', 'clutch_success_percentage': '36%'}","['omen', 'cypher', 'viper']",vct-international
Knight,BLG,0.80,China,"{'average_combat_score': '187.8', 'kill_deaths': '0.95', 'kill_assists_survived_traded': '64%', 'average_damage_per_round': '119.5', 'kills_per_round': '0.66', 'assists_per_round': '0.35', 'first_kills_per_round': '0.04', 'first_deaths_per_round': '0.06', 'headshot_percentage': '29%', 'clutch_success_percentage': '8%'}","['killjoy', 'kayo', 'breach']",vct-international
nephh,BLG,0.77,China,"{'average_combat_score': '190.5', 'kill_deaths': '0.88', 'kill_assists_survived_traded': '58%', 'average_damage_per_round': '119.7', 'kills_per_round': '0.66', 'assists_per_round': '0.40', 'first_kills_per_round': '0.08', 'first_deaths_per_round': '0.09', 'headshot_percentage': '20%', 'clutch_success_percentage': ''}","['fade', 'kayo', 'sova']",vct-international
Yosemite,BLG,0.61,China,"{'average_combat_score': '206.5', 'kill_deaths': '1.00', 'kill_assists_survived_traded': '55%', 'average_damage_per_round': '122.2', 'kills_per_round': '0.72', 'assists_per_round': '0.27', 'first_kills_per_round': '0.09', 'first_deaths_per_round': '0.09', 'headshot_percentage': '25%', 'clutch_success_percentage': ''}","['viper', 'killjoy', 'cypher']",vct-international
nizhaoTZH,DRG,,China,"{'average_combat_score': '181.0', 'kill_deaths': '0.93', 'kill_assists_survived_traded': '', 'average_damage_per_round': '119.3', 'kills_per_round': '0.65', 'assists_per_round': '0.34', 'first_kills_per_round': '0.06', 'first_deaths_per_round': '0.08', 'headshot_percentage': '', 'clutch_success_percentage': ''}","['viper', 'omen', 'brimstone']",vct-international
pl1xx,WOL,,China,"{'average_combat_score': '187.3', 'kill_deaths': '0.91', 'kill_assists_survived_traded': '', 'average_damage_per_round': '130.4', 'kills_per_round': '0.65', 'assists_per_round': '0.37', 'first_kills_per_round': '0.08', 'first_deaths_per_round': '0.08', 'headshot_percentage': '', 'clutch_success_percentage': ''}","['kayo', 'viper', 'yoru']",vct-international
Spring,WOL,,China,"{'average_combat_score': '203.6', 'kill_deaths': '0.96', 'kill_assists_survived_traded': '', 'average_damage_per_round': '159.8', 'kills_per_round': '0.70', 'assists_per_round': '0.20', 'first_kills_per_round': '0.17', 'first_deaths_per_round': '0.24', 'headshot_percentage': '', 'clutch_success_percentage': ''}","['jett', 'omen', 'raze']",vct-international
aluba,WOL,,China,"{'average_combat_score': '195.6', 'kill_deaths': '0.97', 'kill_assists_survived_traded': '', 'average_damage_per_round': '114.4', 'kills_per_round': '0.70', 'assists_per_round': '0.32', 'first_kills_per_round': '0.09', 'first_deaths_per_round': '0.06', 'headshot_percentage': '', 'clutch_success_percentage': ''}","['omen', 'killjoy', 'skye']",vct-international
coldfish,TYL,,China,"{'average_combat_score': '182.4', 'kill_deaths': '0.92', 'kill_assists_survived_traded': '', 'average_damage_per_round': '118.4', 'kills_per_round': '0.64', 'assists_per_round': '0.29', 'first_kills_per_round': '0.07', 'first_deaths_per_round': '0.04', 'headshot_percentage': '', 'clutch_success_percentage': ''}","['sova', 'viper', 'cypher']",vct-international
Yuicaw,WOL,,China,"{'average_combat_score': '221.2', 'kill_deaths': '1.07', 'kill_assists_survived_traded': '', 'average_damage_per_round': '162.1', 'kills_per_round': '0.78', 'assists_per_round': '0.27', 'first_kills_per_round': '0.14', 'first_deaths_per_round': '0.06', 'headshot_percentage': '', 'clutch_success_percentage': ''}","['cypher', 'raze', 'yoru']",vct-international
SiuFatBB,WOL,,China,"{'average_combat_score': '167.4', 'kill_deaths': '1.10', 'kill_assists_survived_traded': '', 'average_damage_per_round': '113.2', 'kills_per_round': '0.62', 'assists_per_round': '0.36', 'first_kills_per_round': '0.02', 'first_deaths_per_round': '0.03', 'headshot_percentage': '', 'clutch_success_percentage': ''}","['breach', 'gekko', 'viper']",vct-international
B3ar,BLG,,China,"{'average_combat_score': '127.1', 'kill_deaths': '0.68', 'kill_assists_survived_traded': '', 'average_damage_per_round': '', 'kills_per_round': '0.44', 'assists_per_round': '0.48', 'first_kills_per_round': '', 'first_deaths_per_round': '', 'headshot_percentage': '', 'clutch_success_percentage': ''}","['omen', 'brimstone', 'viper']",vct-international
Shion7,DRG,,China,"{'average_combat_score': '180.7', 'kill_deaths': '0.84', 'kill_assists_survived_traded': '', 'average_damage_per_round': '118.0', 'kills_per_round': '0.62', 'assists_per_round': '0.28', 'first_kills_per_round': '0.05', 'first_deaths_per_round': '0.12', 'headshot_percentage': '', 'clutch_success_percentage': ''}","['harbor', 'gekko', 'sova']",vct-international
Eren,TYL,,China,"{'average_combat_score': '202.5', 'kill_deaths': '0.97', 'kill_assists_survived_traded': '', 'average_damage_per_round': '136.1', 'kills_per_round': '0.71', 'assists_per_round': '0.26', 'first_kills_per_round': '0.09', 'first_deaths_per_round': '0.12', 'headshot_percentage': '', 'clutch_success_percentage': ''}","['viper', 'reyna', 'sova']",vct-international
YHchen,JDG,,China,"{'average_combat_score': '188.8', 'kill_deaths': '0.92', 'kill_assists_survived_traded': '', 'average_damage_per_round': '128.5', 'kills_per_round': '0.64', 'assists_per_round': '0.38', 'first_kills_per_round': '0.08', 'first_deaths_per_round': '0.08', 'headshot_percentage': '', 'clutch_success_percentage': ''}","['kayo', 'gekko', 'skye']",vct-international
SWERL,NOVA,,China,"{'average_combat_score': '228.3', 'kill_deaths': '1.01', 'kill_assists_survived_traded': '', 'average_damage_per_round': '140.7', 'kills_per_round': '0.78', 'assists_per_round': '0.19', 'first_kills_per_round': '0.14', 'first_deaths_per_round': '0.18', 'headshot_percentage': '', 'clutch_success_percentage': ''}","['raze', 'jett', 'killjoy']",vct-international
AC,TEC,,China,"{'average_combat_score': '197.8', 'kill_deaths': '1.03', 'kill_assists_survived_traded': '', 'average_damage_per_round': '128.1', 'kills_per_round': '0.71', 'assists_per_round': '0.35', 'first_kills_per_round': '0.04', 'first_deaths_per_round': '0.08', 'headshot_percentage': '', 'clutch_success_percentage': ''}","['viper', 'omen', 'killjoy']",vct-international
Levius,BLG,,China,"{'average_combat_score': '149.9', 'kill_deaths': '0.75', 'kill_assists_survived_traded': '', 'average_damage_per_round': '', 'kills_per_round': '0.54', 'assists_per_round': '0.24', 'first_kills_per_round': '', 'first_deaths_per_round': '', 'headshot_percentage': '', 'clutch_success_percentage': ''}","['fade', 'skye', 'killjoy']",vct-international
vo0kashu,DRG,,China,"{'average_combat_score': '233.3', 'kill_deaths': '1.16', 'kill_assists_survived_traded': '', 'average_damage_per_round': '167.4', 'kills_per_round': '0.84', 'assists_per_round': '0.24', 'first_kills_per_round': '0.10', 'first_deaths_per_round': '0.07', 'headshot_percentage': '', 'clutch_success_percentage': ''}","['killjoy', 'cypher', 'omen']",vct-international
Ezeir,NOVA,,China,"{'average_combat_score': '174.9', 'kill_deaths': '0.88', 'kill_assists_survived_traded': '', 'average_damage_per_round': '109.4', 'kills_per_round': '0.61', 'assists_per_round': '0.36', 'first_kills_per_round': '0.04', 'first_deaths_per_round': '0.08', 'headshot_percentage': '', 'clutch_success_percentage': ''}","['omen', 'astra']",vct-international
Scales,TYL,,China,"{'average_combat_score': '149.0', 'kill_deaths': '0.71', 'kill_assists_survived_traded': '', 'average_damage_per_round': '100.1', 'kills_per_round': '0.51', 'assists_per_round': '0.50', 'first_kills_per_round': '0.09', 'first_deaths_per_round': '0.10', 'headshot_percentage': '', 'clutch_success_percentage': ''}","['skye', 'breach', 'kayo']",vct-international
Z1yan,JDG,,China,"{'average_combat_score': '201.3', 'kill_deaths': '0.99', 'kill_assists_survived_traded': '', 'average_damage_per_round': '132.9', 'kills_per_round': '0.72', 'assists_per_round': '0.33', 'first_kills_per_round': '0.09', 'first_deaths_per_round': '0.09', 'headshot_percentage': '', 'clutch_success_percentage': ''}","['viper', 'omen', 'deadlock']",vct-international
Dingwei,DRG,,China,"{'average_combat_score': '162.6', 'kill_deaths': '0.76', 'kill_assists_survived_traded': '', 'average_damage_per_round': '', 'kills_per_round': '0.55', 'assists_per_round': '0.30', 'first_kills_per_round': '', 'first_deaths_per_round': '', 'headshot_percentage': '', 'clutch_success_percentage': ''}","['sova', 'skye', 'viper']",vct-international
kawaii,iNv,,China,"{'average_combat_score': '186.0', 'kill_deaths': '0.94', 'kill_assists_survived_traded': '', 'average_damage_per_round': '121.4', 'kills_per_round': '0.66', 'assists_per_round': '0.30', 'first_kills_per_round': '0.07', 'first_deaths_per_round': '0.07', 'headshot_percentage': '', 'clutch_success_percentage': ''}","['omen', 'brimstone', 'viper']",vct-international
TvirusLuke,DRG,,China,"{'average_combat_score': '215.2', 'kill_deaths': '0.88', 'kill_assists_survived_traded': '', 'average_damage_per_round': '152.6', 'kills_per_round': '0.71', 'assists_per_round': '0.20', 'first_kills_per_round': '0.21', 'first_deaths_per_round': '0.17', 'headshot_percentage': '', 'clutch_success_percentage': ''}","['jett', 'raze', 'neon']",vct-international
Viva,JDG,,China,"{'average_combat_score': '220.5', 'kill_deaths': '1.24', 'kill_assists_survived_traded': '', 'average_damage_per_round': '144.5', 'kills_per_round': '0.78', 'assists_per_round': '0.28', 'first_kills_per_round': '0.10', 'first_deaths_per_round': '0.03', 'headshot_percentage': '', 'clutch_success_percentage': ''}","['viper', 'sova', 'skye']",vct-international
YOU,ZYG,,China,"{'average_combat_score': '190.2', 'kill_deaths': '0.97', 'kill_assists_survived_traded': '', 'average_damage_per_round': '', 'kills_per_round': '0.66', 'assists_per_round': '0.31', 'first_kills_per_round': '', 'first_deaths_per_round': '', 'headshot_percentage': '', 'clutch_success_percentage': ''}","['killjoy', 'sova', 'skye']",vct-international
Ninebody,TYL,,China,"{'average_combat_score': '235.9', 'kill_deaths': '1.05', 'kill_assists_survived_traded': '', 'average_damage_per_round': '163.1', 'kills_per_round': '0.80', 'assists_per_round': '0.29', 'first_kills_per_round': '0.17', 'first_deaths_per_round': '0.11', 'headshot_percentage': '', 'clutch_success_percentage': ''}","['phoenix', 'raze', 'brimstone']",vct-international
ICEKING,TYL,,China,"{'average_combat_score': '161.6', 'kill_deaths': '0.71', 'kill_assists_survived_traded': '', 'average_damage_per_round': '', 'kills_per_round': '0.55', 'assists_per_round': '0.30', 'first_kills_per_round': '', 'first_deaths_per_round': '', 'headshot_percentage': '', 'clutch_success_percentage': ''}","['cypher', 'kayo', 'skye']",vct-international
AAK,TYL,,China,"{'average_combat_score': '212.4', 'kill_deaths': '1.05', 'kill_assists_survived_traded': '', 'average_damage_per_round': '', 'kills_per_round': '0.77', 'assists_per_round': '0.19', 'first_kills_per_round': '', 'first_deaths_per_round': '', 'headshot_percentage': '', 'clutch_success_percentage': ''}","['jett', 'cypher', 'raze']",vct-international
hfmi0dzjc9z7,TYL,,China,"{'average_combat_score': '205.3', 'kill_deaths': '1.08', 'kill_assists_survived_traded': '', 'average_damage_per_round': '132.3', 'kills_per_round': '0.75', 'assists_per_round': '0.21', 'first_kills_per_round': '0.09', 'first_deaths_per_round': '0.13', 'headshot_percentage': '', 'clutch_success_percentage': ''}","['sova', 'gekko', 'cypher']",vct-international
PangH,NOVA,,China,"{'average_combat_score': '115.5', 'kill_deaths': '0.40', 'kill_assists_survived_traded': '', 'average_damage_per_round': '', 'kills_per_round': '0.33', 'assists_per_round': '0.16', 'first_kills_per_round': '', 'first_deaths_per_round': '', 'headshot_percentage': '', 'clutch_success_percentage': ''}","['killjoy', 'raze']",vct-international
o0o0o,NOVA,,China,"{'average_combat_score': '164.9', 'kill_deaths': '0.76', 'kill_assists_survived_traded': '', 'average_damage_per_round': '109.2', 'kills_per_round': '0.57', 'assists_per_round': '0.36', 'first_kills_per_round': '0.06', 'first_deaths_per_round': '0.10', 'headshot_percentage': '', 'clutch_success_percentage': ''}","['raze', 'breach', 'viper']",vct-international
OBONE,NOVA,,China,"{'average_combat_score': '165.9', 'kill_deaths': '0.81', 'kill_assists_survived_traded': '', 'average_damage_per_round': '', 'kills_per_round': '0.59', 'assists_per_round': '0.32', 'first_kills_per_round': '', 'first_deaths_per_round': '', 'headshot_percentage': '', 'clutch_success_percentage': ''}","['omen', 'astra']",vct-international
CB,NOVA,,China,"{'average_combat_score': '198.6', 'kill_deaths': '0.92', 'kill_assists_survived_traded': '', 'average_damage_per_round': '123.4', 'kills_per_round': '0.67', 'assists_per_round': '0.34', 'first_kills_per_round': '0.08', 'first_deaths_per_round': '0.13', 'headshot_percentage': '', 'clutch_success_percentage': ''}","['breach', 'fade', 'skye']",vct-international
GuanG,NOVA,,China,"{'average_combat_score': '191.7', 'kill_deaths': '0.94', 'kill_assists_survived_traded': '', 'average_damage_per_round': '137.3', 'kills_per_round': '0.70', 'assists_per_round': '0.19', 'first_kills_per_round': '0.14', 'first_deaths_per_round': '0.06', 'headshot_percentage': '', 'clutch_success_percentage': ''}","['jett', 'neon', 'killjoy']",vct-international
stew,JDG,,China,"{'average_combat_score': '233.5', 'kill_deaths': '1.20', 'kill_assists_survived_traded': '', 'average_damage_per_round': '151.7', 'kills_per_round': '0.83', 'assists_per_round': '0.16', 'first_kills_per_round': '0.14', 'first_deaths_per_round': '0.15', 'headshot_percentage': '', 'clutch_success_percentage': ''}","['raze', 'jett', 'neon']",vct-international
jkuro,JDG,,China,"{'average_combat_score': '175.6', 'kill_deaths': '0.86', 'kill_assists_survived_traded': '', 'average_damage_per_round': '104.5', 'kills_per_round': '0.63', 'assists_per_round': '0.23', 'first_kills_per_round': '0.11', 'first_deaths_per_round': '0.11', 'headshot_percentage': '', 'clutch_success_percentage': ''}","['fade', 'skye', 'viper']",vct-international
Nicc,DRG,,China,"{'average_combat_score': '181.8', 'kill_deaths': '0.95', 'kill_assists_survived_traded': '', 'average_damage_per_round': '114.5', 'kills_per_round': '0.65', 'assists_per_round': '0.39', 'first_kills_per_round': '0.05', 'first_deaths_per_round': '0.09', 'headshot_percentage': '', 'clutch_success_percentage': ''}","['gekko', 'breach', 'skye']",vct-international
YiHao,JDG,,China,"{'average_combat_score': '158.1', 'kill_deaths': '0.80', 'kill_assists_survived_traded': '', 'average_damage_per_round': '', 'kills_per_round': '0.54', 'assists_per_round': '0.37', 'first_kills_per_round': '', 'first_deaths_per_round': '', 'headshot_percentage': '', 'clutch_success_percentage': ''}","['astra', 'brimstone', 'harbor']",vct-international
MarT1n,XLG,,China,"{'average_combat_score': '176.8', 'kill_deaths': '0.81', 'kill_assists_survived_traded': '', 'average_damage_per_round': '', 'kills_per_round': '0.59', 'assists_per_round': '0.20', 'first_kills_per_round': '', 'first_deaths_per_round': '', 'headshot_percentage': '', 'clutch_success_percentage': ''}","['killjoy', 'viper']",vct-international
QiuYe,XG,,China,"{'average_combat_score': '166.4', 'kill_deaths': '0.74', 'kill_assists_survived_traded': '', 'average_damage_per_round': '', 'kills_per_round': '0.57', 'assists_per_round': '0.30', 'first_kills_per_round': '', 'first_deaths_per_round': '', 'headshot_percentage': '', 'clutch_success_percentage': ''}","['killjoy', 'skye', 'harbor']",vct-international
Rb,TEC,,China,"{'average_combat_score': '223.1', 'kill_deaths': '1.07', 'kill_assists_survived_traded': '', 'average_damage_per_round': '144.0', 'kills_per_round': '0.79', 'assists_per_round': '0.28', 'first_kills_per_round': '0.15', 'first_deaths_per_round': '0.18', 'headshot_percentage': '', 'clutch_success_percentage': ''}","['fade', 'cypher', 'killjoy']",vct-international
LockM,TEC,,China,"{'average_combat_score': '167.3', 'kill_deaths': '0.81', 'kill_assists_survived_traded': '', 'average_damage_per_round': '106.5', 'kills_per_round': '0.58', 'assists_per_round': '0.27', 'first_kills_per_round': '0.02', 'first_deaths_per_round': '0.05', 'headshot_percentage': '', 'clutch_success_percentage': ''}","['viper', 'sova', 'skye']",vct-international
Abo,TYL,,China,"{'average_combat_score': '211.0', 'kill_deaths': '0.99', 'kill_assists_survived_traded': '', 'average_damage_per_round': '145.6', 'kills_per_round': '0.74', 'assists_per_round': '0.18', 'first_kills_per_round': '0.17', 'first_deaths_per_round': '0.16', 'headshot_percentage': '', 'clutch_success_percentage': ''}","['raze', 'jett', 'viper']",vct-international
sword9,JDG,,China,"{'average_combat_score': '171.3', 'kill_deaths': '0.78', 'kill_assists_survived_traded': '', 'average_damage_per_round': '122.6', 'kills_per_round': '0.57', 'assists_per_round': '0.32', 'first_kills_per_round': '0.06', 'first_deaths_per_round': '0.12', 'headshot_percentage': '', 'clutch_success_percentage': ''}","['sova', 'kayo', 'fade']",vct-international
bunt,AG,,China,"{'average_combat_score': '186.5', 'kill_deaths': '0.93', 'kill_assists_survived_traded': '', 'average_damage_per_round': '108.8', 'kills_per_round': '0.68', 'assists_per_round': '0.32', 'first_kills_per_round': '0.07', 'first_deaths_per_round': '0.07', 'headshot_percentage': '', 'clutch_success_percentage': ''}","['omen', 'viper', 'brimstone']",vct-international
monk,AG,,China,"{'average_combat_score': '178.7', 'kill_deaths': '0.79', 'kill_assists_survived_traded': '', 'average_damage_per_round': '117.1', 'kills_per_round': '0.62', 'assists_per_round': '0.35', 'first_kills_per_round': '0.07', 'first_deaths_per_round': '0.06', 'headshot_percentage': '', 'clutch_success_percentage': ''}","['breach', 'killjoy', 'harbor']",vct-international
deLb,AG,,China,"{'average_combat_score': '195.7', 'kill_deaths': '1.00', 'kill_assists_survived_traded': '', 'average_damage_per_round': '124.2', 'kills_per_round': '0.71', 'assists_per_round': '0.18', 'first_kills_per_round': '0.06', 'first_deaths_per_round': '0.06', 'headshot_percentage': '', 'clutch_success_percentage': ''}","['raze', 'reyna', 'killjoy']",vct-international
Spitfires,AG,,China,"{'average_combat_score': '202.0', 'kill_deaths': '0.91', 'kill_assists_survived_traded': '', 'average_damage_per_round': '128.5', 'kills_per_round': '0.71', 'assists_per_round': '0.15', 'first_kills_per_round': '0.22', 'first_deaths_per_round': '0.20', 'headshot_percentage': '', 'clutch_success_percentage': ''}","['cypher', 'jett', 'killjoy']",vct-international
B1ack,TEC,,China,"{'average_combat_score': '197.6', 'kill_deaths': '1.11', 'kill_assists_survived_traded': '', 'average_damage_per_round': '117.7', 'kills_per_round': '0.72', 'assists_per_round': '0.38', 'first_kills_per_round': '0.06', 'first_deaths_per_round': '0.06', 'headshot_percentage': '', 'clutch_success_percentage': ''}","['breach', 'skye']",vct-international
primmie,TLN,1.16,Pacific,"{'average_combat_score': '249.9', 'kill_deaths': '1.15', 'kill_assists_survived_traded': '71%', 'average_damage_per_round': '165.0', 'kills_per_round': '0.90', 'assists_per_round': '0.23', 'first_kills_per_round': '0.13', 'first_deaths_per_round': '0.10', 'headshot_percentage': '41%', 'clutch_success_percentage': '20%'}","['clove', 'jett', 'iso']",vct-international
invy,TS,1.15,Pacific,"{'average_combat_score': '208.0', 'kill_deaths': '1.11', 'kill_assists_survived_traded': '76%', 'average_damage_per_round': '139.3', 'kills_per_round': '0.75', 'assists_per_round': '0.47', 'first_kills_per_round': '0.07', 'first_deaths_per_round': '0.06', 'headshot_percentage': '31%', 'clutch_success_percentage': '11%'}","['kayo', 'viper', 'sage']",vct-international
Jemkin,RRQ,1.13,Pacific,"{'average_combat_score': '227.5', 'kill_deaths': '1.22', 'kill_assists_survived_traded': '76%', 'average_damage_per_round': '147.2', 'kills_per_round': '0.83', 'assists_per_round': '0.16', 'first_kills_per_round': '0.13', 'first_deaths_per_round': '0.13', 'headshot_percentage': '31%', 'clutch_success_percentage': '20%'}","['jett', 'raze', 'gekko']",vct-international
sScary,BLD,1.11,Pacific,"{'average_combat_score': '214.0', 'kill_deaths': '1.09', 'kill_assists_survived_traded': '75%', 'average_damage_per_round': '141.2', 'kills_per_round': '0.75', 'assists_per_round': '0.36', 'first_kills_per_round': '0.08', 'first_deaths_per_round': '0.06', 'headshot_percentage': '27%', 'clutch_success_percentage': '14%'}","['viper', 'omen', 'brimstone']",vct-international
2ge,TS,1.10,Pacific,"{'average_combat_score': '198.3', 'kill_deaths': '1.08', 'kill_assists_survived_traded': '74%', 'average_damage_per_round': '128.4', 'kills_per_round': '0.70', 'assists_per_round': '0.36', 'first_kills_per_round': '0.09', 'first_deaths_per_round': '0.07', 'headshot_percentage': '30%', 'clutch_success_percentage': '23%'}","['omen', 'viper']",vct-international
d4v41,PRX,1.08,Pacific,"{'average_combat_score': '198.1', 'kill_deaths': '1.05', 'kill_assists_survived_traded': '76%', 'average_damage_per_round': '132.7', 'kills_per_round': '0.70', 'assists_per_round': '0.38', 'first_kills_per_round': '0.06', 'first_deaths_per_round': '0.06', 'headshot_percentage': '29%', 'clutch_success_percentage': '15%'}","['sage', 'fade', 'viper']",vct-international
something,PRX,1.08,Pacific,"{'average_combat_score': '219.6', 'kill_deaths': '1.12', 'kill_assists_survived_traded': '73%', 'average_damage_per_round': '140.8', 'kills_per_round': '0.78', 'assists_per_round': '0.23', 'first_kills_per_round': '0.17', 'first_deaths_per_round': '0.13', 'headshot_percentage': '26%', 'clutch_success_percentage': '12%'}","['gekko', 'reyna', 'jett']",vct-international
Jremy,TS,1.07,Pacific,"{'average_combat_score': '240.4', 'kill_deaths': '1.12', 'kill_assists_survived_traded': '74%', 'average_damage_per_round': '154.4', 'kills_per_round': '0.81', 'assists_per_round': '0.20', 'first_kills_per_round': '0.23', 'first_deaths_per_round': '0.21', 'headshot_percentage': '24%', 'clutch_success_percentage': '15%'}","['jett', 'raze', 'neon']",vct-international
f0rsakeN,PRX,1.06,Pacific,"{'average_combat_score': '209.4', 'kill_deaths': '1.06', 'kill_assists_survived_traded': '74%', 'average_damage_per_round': '136.6', 'kills_per_round': '0.74', 'assists_per_round': '0.37', 'first_kills_per_round': '0.09', 'first_deaths_per_round': '0.11', 'headshot_percentage': '30%', 'clutch_success_percentage': '14%'}","['kayo', 'harbor', 'yoru']",vct-international
JitBoyS,TLN,1.05,Pacific,"{'average_combat_score': '199.4', 'kill_deaths': '1.02', 'kill_assists_survived_traded': '73%', 'average_damage_per_round': '131.6', 'kills_per_round': '0.71', 'assists_per_round': '0.31', 'first_kills_per_round': '0.08', 'first_deaths_per_round': '0.08', 'headshot_percentage': '36%', 'clutch_success_percentage': '16%'}","['viper', 'killjoy', 'cypher']",vct-international
Jinggg,PRX,1.04,Pacific,"{'average_combat_score': '224.0', 'kill_deaths': '1.07', 'kill_assists_survived_traded': '74%', 'average_damage_per_round': '147.4', 'kills_per_round': '0.77', 'assists_per_round': '0.26', 'first_kills_per_round': '0.13', 'first_deaths_per_round': '0.12', 'headshot_percentage': '20%', 'clutch_success_percentage': '15%'}","['raze', 'reyna', 'sage']",vct-international
xffero,RRQ,1.03,Pacific,"{'average_combat_score': '207.8', 'kill_deaths': '1.06', 'kill_assists_survived_traded': '72%', 'average_damage_per_round': '135.2', 'kills_per_round': '0.74', 'assists_per_round': '0.24', 'first_kills_per_round': '0.08', 'first_deaths_per_round': '0.08', 'headshot_percentage': '31%', 'clutch_success_percentage': '19%'}","['viper', 'astra', 'harbor']",vct-international
blaZek1ng,GE,1.02,Pacific,"{'average_combat_score': '193.3', 'kill_deaths': '1.00', 'kill_assists_survived_traded': '69%', 'average_damage_per_round': '130.3', 'kills_per_round': '0.68', 'assists_per_round': '0.24', 'first_kills_per_round': '0.09', 'first_deaths_per_round': '0.08', 'headshot_percentage': '30%', 'clutch_success_percentage': '13%'}","['fade', 'sova', 'gekko']",vct-international
BORKUM,TS,1.01,Pacific,"{'average_combat_score': '188.5', 'kill_deaths': '0.98', 'kill_assists_survived_traded': '72%', 'average_damage_per_round': '121.6', 'kills_per_round': '0.66', 'assists_per_round': '0.38', 'first_kills_per_round': '0.09', 'first_deaths_per_round': '0.06', 'headshot_percentage': '22%', 'clutch_success_percentage': '17%'}","['viper', 'omen']",vct-international
Wild0reoo,TS,1.01,Pacific,"{'average_combat_score': '192.2', 'kill_deaths': '1.00', 'kill_assists_survived_traded': '76%', 'average_damage_per_round': '129.9', 'kills_per_round': '0.70', 'assists_per_round': '0.33', 'first_kills_per_round': '0.07', 'first_deaths_per_round': '0.08', 'headshot_percentage': '33%', 'clutch_success_percentage': '13%'}","['killjoy', 'cypher', 'skye']",vct-international
Lmemore,RRQ,1.00,Pacific,"{'average_combat_score': '208.6', 'kill_deaths': '1.01', 'kill_assists_survived_traded': '68%', 'average_damage_per_round': '139.8', 'kills_per_round': '0.73', 'assists_per_round': '0.22', 'first_kills_per_round': '0.09', 'first_deaths_per_round': '0.13', 'headshot_percentage': '34%', 'clutch_success_percentage': '19%'}","['killjoy', 'cypher', 'chamber']",vct-international
JessieVash,TS,1.00,Pacific,"{'average_combat_score': '188.0', 'kill_deaths': '1.01', 'kill_assists_survived_traded': '71%', 'average_damage_per_round': '126.0', 'kills_per_round': '0.66', 'assists_per_round': '0.30', 'first_kills_per_round': '0.07', 'first_deaths_per_round': '0.07', 'headshot_percentage': '26%', 'clutch_success_percentage': '16%'}","['sova', 'skye', 'breach']",vct-international
mindfreak,PRX,0.98,Pacific,"{'average_combat_score': '179.8', 'kill_deaths': '1.00', 'kill_assists_survived_traded': '73%', 'average_damage_per_round': '118.2', 'kills_per_round': '0.65', 'assists_per_round': '0.32', 'first_kills_per_round': '0.05', 'first_deaths_per_round': '0.06', 'headshot_percentage': '34%', 'clutch_success_percentage': '13%'}","['viper', 'brimstone', 'omen']",vct-international
Surf,TLN,0.97,Pacific,"{'average_combat_score': '181.9', 'kill_deaths': '0.97', 'kill_assists_survived_traded': '70%', 'average_damage_per_round': '121.4', 'kills_per_round': '0.63', 'assists_per_round': '0.21', 'first_kills_per_round': '0.08', 'first_deaths_per_round': '0.07', 'headshot_percentage': '38%', 'clutch_success_percentage': '5%'}","['killjoy', 'viper', 'cypher']",vct-international
Polvi,GE,0.96,Pacific,"{'average_combat_score': '218.6', 'kill_deaths': '0.95', 'kill_assists_survived_traded': '68%', 'average_damage_per_round': '145.7', 'kills_per_round': '0.74', 'assists_per_round': '0.20', 'first_kills_per_round': '0.20', 'first_deaths_per_round': '0.19', 'headshot_percentage': '24%', 'clutch_success_percentage': '13%'}","['raze', 'jett', 'gekko']",vct-international
Benkai,GE,0.95,Pacific,"{'average_combat_score': '169.1', 'kill_deaths': '0.90', 'kill_assists_survived_traded': '70%', 'average_damage_per_round': '117.5', 'kills_per_round': '0.59', 'assists_per_round': '0.22', 'first_kills_per_round': '0.04', 'first_deaths_per_round': '0.07', 'headshot_percentage': '25%', 'clutch_success_percentage': '8%'}","['viper', 'killjoy', 'cypher']",vct-international
Estrella,RRQ,0.95,Pacific,"{'average_combat_score': '167.2', 'kill_deaths': '0.89', 'kill_assists_survived_traded': '74%', 'average_damage_per_round': '109.5', 'kills_per_round': '0.58', 'assists_per_round': '0.42', 'first_kills_per_round': '0.05', 'first_deaths_per_round': '0.07', 'headshot_percentage': '29%', 'clutch_success_percentage': '6%'}","['sova', 'skye', 'fade']",vct-international
ban,TLN,0.94,Pacific,"{'average_combat_score': '191.8', 'kill_deaths': '0.95', 'kill_assists_survived_traded': '68%', 'average_damage_per_round': '127.4', 'kills_per_round': '0.69', 'assists_per_round': '0.24', 'first_kills_per_round': '0.11', 'first_deaths_per_round': '0.11', 'headshot_percentage': '33%', 'clutch_success_percentage': '9%'}","['yoru', 'kayo', 'skye']",vct-international
NDG,TS,0.94,Pacific,"{'average_combat_score': '183.5', 'kill_deaths': '0.96', 'kill_assists_survived_traded': '73%', 'average_damage_per_round': '123.9', 'kills_per_round': '0.65', 'assists_per_round': '0.22', 'first_kills_per_round': '0.08', 'first_deaths_per_round': '0.07', 'headshot_percentage': '23%', 'clutch_success_percentage': '12%'}","['cypher', 'killjoy']",vct-international
Russ,GE,0.92,Pacific,"{'average_combat_score': '181.4', 'kill_deaths': '0.87', 'kill_assists_survived_traded': '71%', 'average_damage_per_round': '117.3', 'kills_per_round': '0.63', 'assists_per_round': '0.38', 'first_kills_per_round': '0.09', 'first_deaths_per_round': '0.10', 'headshot_percentage': '38%', 'clutch_success_percentage': '20%'}","['gekko', 'kayo', 'breach']",vct-international
Governor,TLN,0.91,Pacific,"{'average_combat_score': '200.0', 'kill_deaths': '0.94', 'kill_assists_survived_traded': '68%', 'average_damage_per_round': '130.7', 'kills_per_round': '0.70', 'assists_per_round': '0.21', 'first_kills_per_round': '0.16', 'first_deaths_per_round': '0.17', 'headshot_percentage': '23%', 'clutch_success_percentage': '18%'}","['neon', 'jett', 'raze']",vct-international
Lightningfast,GE,0.90,Pacific,"{'average_combat_score': '175.3', 'kill_deaths': '0.85', 'kill_assists_survived_traded': '70%', 'average_damage_per_round': '111.6', 'kills_per_round': '0.62', 'assists_per_round': '0.34', 'first_kills_per_round': '0.07', 'first_deaths_per_round': '0.07', 'headshot_percentage': '33%', 'clutch_success_percentage': '17%'}","['omen', 'viper', 'sage']",vct-international
Monyet,RRQ,0.90,Pacific,"{'average_combat_score': '198.5', 'kill_deaths': '0.88', 'kill_assists_survived_traded': '70%', 'average_damage_per_round': '131.9', 'kills_per_round': '0.68', 'assists_per_round': '0.32', 'first_kills_per_round': '0.12', 'first_deaths_per_round': '0.16', 'headshot_percentage': '26%', 'clutch_success_percentage': '17%'}","['omen', 'raze', 'astra']",vct-international
Retla,BLD,0.90,Pacific,"{'average_combat_score': '169.7', 'kill_deaths': '0.92', 'kill_assists_survived_traded': '70%', 'average_damage_per_round': '115.4', 'kills_per_round': '0.61', 'assists_per_round': '0.19', 'first_kills_per_round': '0.05', 'first_deaths_per_round': '0.06', 'headshot_percentage': '26%', 'clutch_success_percentage': '14%'}","['viper', 'cypher', 'killjoy']",vct-international
lenne,IGN,0.89,Pacific,"{'average_combat_score': '168.2', 'kill_deaths': '0.76', 'kill_assists_survived_traded': '73%', 'average_damage_per_round': '110.3', 'kills_per_round': '0.53', 'assists_per_round': '0.38', 'first_kills_per_round': '0.07', 'first_deaths_per_round': '0.07', 'headshot_percentage': '18%', 'clutch_success_percentage': '6%'}","['sova', 'gekko', 'fade']",vct-international
Zest,BLD,0.88,Pacific,"{'average_combat_score': '167.3', 'kill_deaths': '0.83', 'kill_assists_survived_traded': '68%', 'average_damage_per_round': '108.0', 'kills_per_round': '0.58', 'assists_per_round': '0.29', 'first_kills_per_round': '0.07', 'first_deaths_per_round': '0.08', 'headshot_percentage': '28%', 'clutch_success_percentage': '13%'}","['fade', 'gekko', 'skye']",vct-international
Deryeon,BLD,0.87,Pacific,"{'average_combat_score': '186.8', 'kill_deaths': '0.86', 'kill_assists_survived_traded': '70%', 'average_damage_per_round': '123.7', 'kills_per_round': '0.65', 'assists_per_round': '0.20', 'first_kills_per_round': '0.15', 'first_deaths_per_round': '0.14', 'headshot_percentage': '29%', 'clutch_success_percentage': '8%'}","['harbor', 'raze', 'killjoy']",vct-international
crazyguy,BLD,0.83,Pacific,"{'average_combat_score': '177.9', 'kill_deaths': '0.74', 'kill_assists_survived_traded': '65%', 'average_damage_per_round': '118.7', 'kills_per_round': '0.56', 'assists_per_round': '0.31', 'first_kills_per_round': '0.07', 'first_deaths_per_round': '0.12', 'headshot_percentage': '23%', 'clutch_success_percentage': '11%'}","['sova', 'breach', 'fade']",vct-international
fl1pzjder,RRQ,0.83,Pacific,"{'average_combat_score': '160.3', 'kill_deaths': '0.76', 'kill_assists_survived_traded': '68%', 'average_damage_per_round': '108.0', 'kills_per_round': '0.55', 'assists_per_round': '0.31', 'first_kills_per_round': '0.07', 'first_deaths_per_round': '0.11', 'headshot_percentage': '27%', 'clutch_success_percentage': '20%'}","['gekko', 'viper', 'omen']",vct-international
Crws,TLN,0.83,Pacific,"{'average_combat_score': '157.4', 'kill_deaths': '0.79', 'kill_assists_survived_traded': '68%', 'average_damage_per_round': '107.7', 'kills_per_round': '0.54', 'assists_per_round': '0.27', 'first_kills_per_round': '0.04', 'first_deaths_per_round': '0.08', 'headshot_percentage': '22%', 'clutch_success_percentage': '13%'}","['harbor', 'omen', 'astra']",vct-international
yay,BLD,0.83,Pacific,"{'average_combat_score': '194.8', 'kill_deaths': '0.85', 'kill_assists_survived_traded': '68%', 'average_damage_per_round': '129.6', 'kills_per_round': '0.66', 'assists_per_round': '0.16', 'first_kills_per_round': '0.17', 'first_deaths_per_round': '0.21', 'headshot_percentage': '25%', 'clutch_success_percentage': '23%'}","['neon', 'skye', 'raze']",vct-international
Egoist,BLD,0.78,Pacific,"{'average_combat_score': '170.0', 'kill_deaths': '0.75', 'kill_assists_survived_traded': '72%', 'average_damage_per_round': '108.4', 'kills_per_round': '0.57', 'assists_per_round': '0.21', 'first_kills_per_round': '0.09', 'first_deaths_per_round': '0.08', 'headshot_percentage': '24%', 'clutch_success_percentage': '14%'}","['skye', 'killjoy']",vct-international
